! BERRY COCONUT SMOOTHIE,0
! KALE-GINGER DETOX SMOOTHIE,0
@ STRAWBERRY BANANA CAULIFLOWER,0
% HUNGER CONTROL SMOOTHIE,0
% PEACH GREEN SMOOTHIE,0
% STRAWBERRY BANANA KALE SMOOTHIE,0
BLUEBERRY SPINACH,0
KETO AVOCADO SMOOTHIE,0
PALEO PEACH COCONUT SMOOTHIE,0
PEANUT BUTTER BLUEBERRY,0
! CREAMY CHOCOLATE HEMP SMOOTHIE,1,dates
! EAT YOUR GREENS FRUIT SMOOTHIE,1,pomegranate juice
! GINGERY MANGO BERRY SMOOTHIE,1,coconut shredded
! GREEN MACHINE SMOOTHIE,1,orange juice
! HIDDEN GREENS CHOCOLATE PROTEIN SHAKE,1,dates
! HIDE YOUR KALE SMOOTHIE,1,pomegranate juice
! MY GO-TO SMOOTHIE BOWL,1,coconut shredded
! PLUM AND GINGER SMOOTHIE,1,dates
@ BEET PLUM GINGER SMOOTHIE,1,beets
@ DATE TAHINI AND CARDAMOM SMOOTHIE,1,dates
@ GINGER COLADA GREEN SMOOTHIE,1,pineapple frozen
@ GINGER PLUM SMOOTHIE,1,orange juice
@ KIWI SMOOTHIE,1,kiwi
@ PINEAPPLE BLUEBERRY SMOOTHIE,1,pineapple frozen
@ STRAWBERRY BANANA GREEN SMOOTHIE,1,orange juice
@ VEGAN BREAKFAST SMOOTHIE,1,pineapple frozen
% ANTI-INFLAMMATORY BLUEBERRY SMOOTHIE,1,almond butter
% BANANA-DATE SMOOTHIE,1,dates
% QUICK AND DELICIOUS SUPERFOOD BREAKFAST SMOOTHIE,1,cacao nibs
% STRAWBERRY-RASPBERRY ALMOND SMOOTHIE,1,almonds
BLENDED MANGO SALAD,1,lettuce romaine
BREAKFAST SMOOTHIE,1,blackberries frozen
CHOCOLATE RASPBERRY LAYERED SMOOTHIE,1,almond butter
CREAMY FRUIT AND BERRY SMOOTHIE,1,pomegranate juice
FALL HARVEST SMOOTHIE,1,orange
GOJI APPLE MORNING SMOOTHIE,1,goji berries
KALE PINEAPPLE AND ALMOND MILK SMOOTHIE,1,pineapple frozen
MATCHA KALE & PEACH SMOOTHIE,1,matcha powder
PALEO GREEN SMOOTHIE,1,coconut water
SUPER GREEN not-SPIRULINA SMOOTHIE ,1,cucumber
! BERRY AND TAHINI SMOOTHIE,2,dates_blackberries frozen
! CHOCOLATE BANANA COFFEE SMOOTHIE,2,coconut shredded_coffee ground
! CREAMY PLANTAIN GREEN SMOOTHIE,2,orange juice_plantains
! KIDS MANGO BLEND,2,nutritional yeast_coconut water
! SPICY MANGO SMOOTHIE,2,sweet potatoes_orange
@ CARROT GINGER TURMERIC SMOOTHIE,2,carrots_pineapple frozen
@ ORANGE MANGO CARROT,2,orange_carrots
% CHOCOLATE HEMP SHAKE,2,dates_almond butter
% CREAMY PINEAPPLE CUCUMBER SMOOTHIE,2,cucumber_pineapple frozen
% SUPER GREEN SMOOTHIE BOWL,2,sunflower seeds_coconut shredded
BANANA DATE AND CASHEW SMOOTHIE,2,cashews_dates
BEST WORST SMOOTHIE,2,broccoli_plantains
BETA PALEO SMOOTHIE,2,almond butter_orange juice
CHOCOLATE CHERRY ICE CREAM,2,dates_cherries frozen
CHOCOLATE KALE SMOOTHIE,2,almond butter_blackberries
COCONUT KALE-ADA SMOOTHIE,2,coconut shredded_pineapple frozen
CREAMY GOLDEN MILK SMOOTHIE,2,cloves ground_carrots
CREAMY ZUCCHINI BLUEBERRY SMOOTHIE,2,zucchini_maca powder
IT IS EASY BEING GREEN,2,peas snow_pineapple frozen
MODIFIED KALE-ADA ,2,coconut shredded_pineapple frozen
PALEO MOCHA LATTE,2,coffee ground_vanilla powder
PUMPKIN COCONUT SMOOTHIE,2,pumpkin puree_pumpkin pie spice
WHITE PEPPERMINT SMOOTHIE,2,mint_coconut butter
! BERRIES BROCCOLI,3,blackberries frozen_broccoli frozen_orange juice
! KIDS' PINEAPPLE BLEND,3,nutritional yeast_coconut water_pineapple frozen
% DEEP BLUE SEA BLEND,3,pineapple frozen_coconut frozen_coconut water
CARROT BEET BERRY BLEND,3,carrots_beets_mint
CHERRY CACAO BLEND,3,cherries frozen_cacao nibs_apple juice
GUAVA PAPAYA SMOOTHIE,3,papaya_guava_parsley fresh
MY FAVORITE BREAKFAST SMOOTHIE,3,carrot juice_orange_pears
PUMPKIN PIE GREEN SMOOTHIE,3,pumpkin puree_coconut milk box_pumpkin pie spice
@ MONK BLEND,4,goji berries_orange juice_almonds_orange
BABY FACE SMOOTHIE,4,sweet potatoes_pineapple_orange_camu camu
BRAIN SMOOTHIE,4,orange juice_beets_broccoli_rosemary fresh
ORANGE BEET SMOOTHIE,4,chard swiss_beets_orange_goji berries
PEPPER PARSLEY ZEST,4,tomatoes grape_parsley fresh_salt pink himalayan sea_bell pepper yellow
RASPBERRY BASIL SMOOTHIE,4,tomatoes grape_pineapple_basil fresh_goji berries
RAW FOOD GREEN KALE SMOOTHIE,4,orange juice_parsley fresh_cilantro_mint
SUPERFOOD CHOCOLATE ALMOND AVOCADO SMOOTHIE ,4,cacao nibs_almond butter_dates_maca powder
TRIPLE B BLEND,4,apple juice_pepitas_basil fresh_beets
ULTRA QUEEN K PERFORMANCE BLEND,4,pineapple frozen_maca powder_coconut frozen_dates
DIVINE VIBRATION BLEND,5,coconut water_grapefruit_carrots_sage fresh_aloe
EPIC5 RECOVERY BLEND ,6,beets_acai frozen_maca powder_pumpkin seeds_goji berries_coconut water
GREEN EXTREME BLEND,6,olives kalamata_jalapeno_cilantro_basil fresh_pumpkin seeds_seaweed dried